config,n_valid,accuracy,f1_macro,f1_weighted,kappa,kappa_weighted,f1_NOT_MISLEADING,recall_NOT_MISLEADING,precision_NOT_MISLEADING,f1_POTENTIALLY_MISLEADING,recall_POTENTIALLY_MISLEADING,precision_POTENTIALLY_MISLEADING,f1_MISLEADING,recall_MISLEADING,precision_MISLEADING
llama_base_zs,80,0.4875,0.361391694725028,0.35850168350168354,0.13410770855332632,0.25553319919517103,0.6296296296296297,1.0,0.4594594594594595,0.0,0.0,0.0,0.45454545454545453,0.3125,0.8333333333333334
llama_base_qlora_zs,80,0.7125,0.7000215773006797,0.7169422267774301,0.5728876508820799,0.761248852157943,0.8709677419354839,0.7941176470588235,0.9642857142857143,0.5769230769230769,0.5,0.6818181818181818,0.6521739130434783,0.9375,0.5
llama_instruct_zs,80,0.7625,0.7521916554174618,0.7644463063817902,0.6276335129838315,0.78735310576385,0.8484848484848485,0.8235294117647058,0.875,0.6984126984126984,0.7333333333333333,0.6666666666666666,0.7096774193548387,0.6875,0.7333333333333333
llama_instruct_qlora_zs,80,0.675,0.6664626682986535,0.6856232150142798,0.5133364529714552,0.7196713388110199,0.8333333333333334,0.7352941176470589,0.9615384615384616,0.5614035087719298,0.5333333333333333,0.5925925925925926,0.6046511627906976,0.8125,0.48148148148148145
gpt_5_5_zs,80,0.775,0.7665805340223945,0.7766149870801033,0.662130455185359,0.8287345385347288,0.8888888888888888,0.8235294117647058,0.9655172413793104,0.6666666666666666,0.6,0.75,0.7441860465116279,1.0,0.5925925925925926
