config,parse_rate,A1_f1,A1_kappa,A3_f1,A3_kappa,C1_f1,C1_kappa,E1_f1,E1_kappa,M3_f1,M3_kappa,B1_f1,B1_kappa,B3_f1,B3_kappa,C3_f1,C3_kappa,D1_f1,D1_kappa,M1_f1,M1_kappa,M2_f1,M2_kappa,A2_jaccard,A2_f1,B2_jaccard,B2_f1
llama_base_zs_short,1.0,0.2822222222222222,0.14393621485522445,0.3236111111111111,0.07120743034055721,0.36169502836169504,0.1602662570404506,0.23980565677598475,0.02650081124932402,,,0.46236559139784944,0.10514541387024601,0.12962962962962962,0.0,0.30630630630630634,0.0,0.08571428571428572,0.09768035752287718,,,,,0.24722222222222223,0.2928765905232407,0.18726731601731603,0.2638132664138047
llama_base_qlora_zs_short,1.0,0.6543003851091143,0.5757744906502931,0.6541283278125384,0.6135265700483092,0.7472469750426493,0.6564885496183206,0.7999438832772165,0.714828897338403,,,0.9093117408906883,0.8186528497409327,0.37136237256719185,0.4511525795828759,0.5166240409207161,0.5620437956204378,0.8833378796144754,0.9002493765586035,,,,,0.5566666666666666,0.47300076349017695,0.6752380952380952,0.442283950617284
llama_instruct_zs_short,0.9875,0.375280583613917,0.15243629861421548,0.3182506307821699,0.09042935955864717,0.45904401302590303,0.33333333333333326,0.37748538011695904,0.14939434724091516,,,0.373015873015873,0.0,0.1572764325101894,0.038195273334924784,0.3080459770114942,0.06508875739644959,0.3668836124193267,0.5016895697229106,,,,,0.1308016877637131,0.09537677174855226,0.016244725738396623,0.03481554677206851
llama_instruct_qlora_zs_short,1.0,0.7085031567170144,0.6572407883461868,0.7316017316017316,0.7192982456140351,0.6915154950869237,0.5667530021191429,0.7221679157163029,0.6091841719589643,,,0.8946675444371297,0.7898883782009193,0.3906049935979513,0.35341660543717845,0.46020488573680063,0.4113318616629874,0.7429695304695304,0.8502184314541295,,,,,0.544375,0.40664776630432226,0.6660416666666666,0.5315909205675907
gpt_5_5_zs_short,1.0,0.7018147257120794,0.604989604989605,0.7361372672107135,0.6771826852531182,0.7716260347839295,0.69377990430622,0.8642348392348392,0.7853658536585366,,,0.8626373626373627,0.7299122214719784,0.6607142857142857,0.5362856480408068,0.558407960199005,0.6814562002275313,0.676863354037267,0.7354085603112841,,,,,0.5252678571428571,0.5070059721163191,0.6298958333333333,0.5238212306546982
